{
  "experiment": "RNA Challenge \u2014 Pure PyTorch CaLM + head comparison",
  "model": "/Users/gongchen/Code/ProteinQC/models/calm",
  "device": "mps",
  "rmsnorm": false,
  "dataset": {
    "total": 27264,
    "coding": 16224,
    "non_coding": 11040,
    "train": 21812,
    "test": 5452
  },
  "hyperparams": {
    "epochs": 20,
    "lr": 0.001,
    "batch_size": 64,
    "seed": 42
  },
  "results": {
    "Linear": {
      "ACC": 93.74541452677916,
      "PRE": 95.34520462355513,
      "REC": 94.0813810110974,
      "F1": 94.70907680372382,
      "MCC": 87.07404290540148,
      "train_time_sec": 6.987908124923706,
      "final_loss": 0.15441891993464263
    },
    "MLP": {
      "ACC": 95.61628760088041,
      "PRE": 96.61805771020788,
      "REC": 95.99260172626387,
      "F1": 96.3043142106077,
      "MCC": 90.92082639522094,
      "train_time_sec": 11.73873782157898,
      "final_loss": 0.06010943450596282
    },
    "Gated": {
      "ACC": 95.4512105649303,
      "PRE": 96.66666666666667,
      "REC": 95.65351418002466,
      "F1": 96.15742175395103,
      "MCC": 90.5923143891902,
      "gate": {
        "gate_mean": 0.9637197256088257,
        "gate_std": 0.022768808528780937,
        "gate_min": 0.9179105162620544,
        "gate_max": 0.9871876239776611,
        "pct_shortcut": 0.0,
        "pct_mlp": 100.0
      },
      "train_time_sec": 14.427201986312866,
      "final_loss": 0.06334299843518003
    }
  }
}