{
  "experiment": "RNA Challenge \u2014 CaLM frozen encoder + head comparison",
  "model": "multimolecule/calm",
  "device": "mps",
  "dataset": {
    "total": 27264,
    "coding": 16224,
    "non_coding": 11040,
    "train": 21812,
    "test": 5452
  },
  "hyperparams": {
    "epochs": 20,
    "lr": 0.001,
    "batch_size": 64,
    "seed": 42
  },
  "results": {
    "Linear": {
      "ACC": 93.61702127659575,
      "PRE": 94.71896232242125,
      "REC": 94.54377311960542,
      "F1": 94.63128663992595,
      "MCC": 86.76178707299377,
      "train_time_sec": 6.954576730728149,
      "final_loss": 0.1546576354772814
    },
    "MLP": {
      "ACC": 96.03815113719736,
      "PRE": 97.88108791903858,
      "REC": 95.40690505548706,
      "F1": 96.62816109896971,
      "MCC": 91.87215623748247,
      "train_time_sec": 18.980277061462402,
      "final_loss": 0.057787570929635435
    },
    "Gated": {
      "ACC": 95.83639031548056,
      "PRE": 96.34408602150538,
      "REC": 96.6707768187423,
      "F1": 96.50715494691492,
      "MCC": 91.3547583403441,
      "gate": {
        "gate_mean": 0.9198966026306152,
        "gate_std": 0.038757678121328354,
        "gate_min": 0.8525118231773376,
        "gate_max": 0.9664936065673828,
        "pct_shortcut": 0.0,
        "pct_mlp": 100.0
      },
      "train_time_sec": 23.333967208862305,
      "final_loss": 0.06468981736315048
    }
  }
}