{
  "Linear": [
    0.3431141278610901,
    0.2497239760464587,
    0.22417151132636756,
    0.20988907450892008,
    0.19944406643815754,
    0.1923453600481808,
    0.18606780303363576,
    0.18167380599681932,
    0.17758195331631518,
    0.17420227858415446,
    0.17149937941619028,
    0.16832369552854218,
    0.16687938975186642,
    0.1639219019616629,
    0.16200170726064714,
    0.1604659394784407,
    0.1590342674502704,
    0.15721801668405533,
    0.15577210662913812,
    0.1546576354772814
  ],
  "MLP": [
    0.2260266037280958,
    0.1541122830748733,
    0.136380145402729,
    0.1257099762253048,
    0.11711826757732724,
    0.11022841031840645,
    0.10329715637735958,
    0.09754934528695086,
    0.09409113054073626,
    0.08919972097473847,
    0.08431889616564746,
    0.08313834605345234,
    0.07825913746865833,
    0.07806596330358835,
    0.07203714735396316,
    0.07327674286196942,
    0.06639451141226108,
    0.06584856788493977,
    0.06288178456002229,
    0.057787570929635435
  ],
  "Gated": [
    0.22271119333432218,
    0.15880136930348238,
    0.1447093309807288,
    0.13229068448969172,
    0.12381825055326184,
    0.11760233781816673,
    0.10886176064326442,
    0.10772460484412932,
    0.10295778384863719,
    0.09671385998665587,
    0.09253095617774557,
    0.08785051832800386,
    0.08388629637090517,
    0.08284751004116102,
    0.07840119277692435,
    0.07650180846927933,
    0.07574305480996098,
    0.06907881331518075,
    0.0683325896957272,
    0.06468981736315048
  ]
}