{
  "Linear": [
    0.3374661030220496,
    0.2489667010447147,
    0.22400153644623294,
    0.20900086549457567,
    0.19911763216218642,
    0.19177702927956483,
    0.18612710491390871,
    0.1811998267589776,
    0.1774008089234053,
    0.17405132304800572,
    0.17102489651036054,
    0.16858418574256281,
    0.1662342100570803,
    0.16398981117433117,
    0.1618823726221788,
    0.16025907628216352,
    0.1589501059868119,
    0.15717170852894657,
    0.15603792275195597,
    0.15441891993464263
  ],
  "MLP": [
    0.22874316664363456,
    0.15269955295708873,
    0.14275209973853004,
    0.1261264537010462,
    0.11834980409231878,
    0.11055360434036102,
    0.10263340237422074,
    0.1002368177765232,
    0.09328795085139463,
    0.0950984150264139,
    0.08694697899847699,
    0.08522945073845624,
    0.07842948184487931,
    0.07812197972908398,
    0.0738521542569453,
    0.0728668044266616,
    0.07031435119479763,
    0.06471187610157336,
    0.06272773858285413,
    0.06010943450596282
  ],
  "Gated": [
    0.22752646564388554,
    0.16016209163754916,
    0.14307325936395052,
    0.1321931809536523,
    0.11963475845164218,
    0.11601567467199393,
    0.11118166014836156,
    0.10315358406069342,
    0.10157189628551783,
    0.09632300036273832,
    0.09007568469495018,
    0.08612230377506651,
    0.08458726731322902,
    0.07879729890687899,
    0.07833047694310852,
    0.07451843490272411,
    0.07128798098049381,
    0.0708945384030599,
    0.06588069476525892,
    0.06334299843518003
  ]
}